INSERT INTO test_admin.sys_menu (id, name, permission, path, parent_id, icon, component, type, sort, data_status, layout, scope, hidden, createTime, updateTime) VALUES (1, 'Login', '**|**|**', '/login', 0, '', 'login', 1, 0, 1, 0, 'noAuth', 1, '2021-10-22 23:20:14', '2021-10-24 23:35:06');
INSERT INTO test_admin.sys_menu (id, name, permission, path, parent_id, icon, component, type, sort, data_status, layout, scope, hidden, createTime, updateTime) VALUES (2, '系统设置', '**|**|**', '/system', 0, 'icon-shezhi', 'layout/index', 1, 1, 1, 0, 'auth', 0, '2021-10-22 23:42:30', '2021-10-24 23:36:34');
INSERT INTO test_admin.sys_menu (id, name, permission, path, parent_id, icon, component, type, sort, data_status, layout, scope, hidden, createTime, updateTime) VALUES (6, '用户管理', null, '/system/user', 2, 'icon-yonghuguanli', 'system/user/user', 1, 1, 1, 0, 'auth', 0, '2021-10-24 23:42:58', '2021-11-23 16:15:18');
INSERT INTO test_admin.sys_menu (id, name, permission, path, parent_id, icon, component, type, sort, data_status, layout, scope, hidden, createTime, updateTime) VALUES (7, '角色管理', null, '/system/role', 2, 'icon-jiaoseguanli', 'system/role/role', 1, 2, 1, 0, 'auth', 0, '2021-10-29 14:04:02', '2021-11-23 16:15:11');
INSERT INTO test_admin.sys_menu (id, name, permission, path, parent_id, icon, component, type, sort, data_status, layout, scope, hidden, createTime, updateTime) VALUES (8, '菜单管理', null, '/system/menu', 2, 'icon-caidanguanli', 'system/menu/menu', 1, 4, 1, 0, 'auth', 0, '2021-11-23 16:13:40', '2021-11-23 16:14:43');
INSERT INTO test_admin.sys_menu (id, name, permission, path, parent_id, icon, component, type, sort, data_status, layout, scope, hidden, createTime, updateTime) VALUES (9, '部门管理', null, '/system/dept', 2, 'icon-bumen', 'system/dept/dept', 1, 3, 1, 0, 'auth', 0, '2021-11-23 16:14:29', '2021-11-23 16:14:50');
INSERT INTO test_admin.sys_menu (id, name, permission, path, parent_id, icon, component, type, sort, data_status, layout, scope, hidden, createTime, updateTime) VALUES (10, '用户中心', null, '/system/user-center', 2, '', 'system/user/userCenter', 1, 5, 1, 0, 'auth', 1, '2021-11-23 16:17:04', '2021-11-23 16:17:23');INSERT INTO test_admin.login_log (id, os, browser, ua, ip, location, user_id, login_time) VALUES (1, 'Mac OS/10.15.7', 'Chrome/94.0.4606.54', 'Mozilla/5.0 (Macintosh; Intel Mac OS X 10_15_7) AppleWebKit/537.36 (KHTML, like Gecko) Chrome/94.0.4606.54 Safari/537.36', '127.0.0.1', '未获取到地址', 2, '2021-11-24 11:18:35');
INSERT INTO test_admin.login_log (id, os, browser, ua, ip, location, user_id, login_time) VALUES (2, 'Mac OS/10.15.7', 'Chrome/94.0.4606.54', 'Mozilla/5.0 (Macintosh; Intel Mac OS X 10_15_7) AppleWebKit/537.36 (KHTML, like Gecko) Chrome/94.0.4606.54 Safari/537.36', '127.0.0.1', '未获取到地址', 2, '2021-11-24 13:46:21');
INSERT INTO test_admin.login_log (id, os, browser, ua, ip, location, user_id, login_time) VALUES (3, 'Mac OS/10.15.7', 'Chrome/94.0.4606.54', 'Mozilla/5.0 (Macintosh; Intel Mac OS X 10_15_7) AppleWebKit/537.36 (KHTML, like Gecko) Chrome/94.0.4606.54 Safari/537.36', '1', '未获取到地址', 2, '2021-11-24 15:21:44');
INSERT INTO test_admin.login_log (id, os, browser, ua, ip, location, user_id, login_time) VALUES (4, 'Mac OS/10.15.7', 'Chrome/94.0.4606.54', 'Mozilla/5.0 (Macintosh; Intel Mac OS X 10_15_7) AppleWebKit/537.36 (KHTML, like Gecko) Chrome/94.0.4606.54 Safari/537.36', '127.0.0.1', '未获取到地址', 2, '2021-11-24 15:27:36');
INSERT INTO test_admin.login_log (id, os, browser, ua, ip, location, user_id, login_time) VALUES (5, 'Mac OS/10.15.7', 'Chrome/94.0.4606.54', 'Mozilla/5.0 (Macintosh; Intel Mac OS X 10_15_7) AppleWebKit/537.36 (KHTML, like Gecko) Chrome/94.0.4606.54 Safari/537.36', '127.0.0.1', '未获取到地址', 2, '2021-11-24 16:57:34');
INSERT INTO test_admin.login_log (id, os, browser, ua, ip, location, user_id, login_time) VALUES (6, 'Mac OS/10.15.7', 'Chrome/94.0.4606.54', 'Mozilla/5.0 (Macintosh; Intel Mac OS X 10_15_7) AppleWebKit/537.36 (KHTML, like Gecko) Chrome/94.0.4606.54 Safari/537.36', '127.0.0.1', '未获取到地址', 2, '2021-11-24 16:57:53');
INSERT INTO test_admin.login_log (id, os, browser, ua, ip, location, user_id, login_time) VALUES (7, 'Mac OS/10.15.7', 'Chrome/94.0.4606.54', 'Mozilla/5.0 (Macintosh; Intel Mac OS X 10_15_7) AppleWebKit/537.36 (KHTML, like Gecko) Chrome/94.0.4606.54 Safari/537.36', '127.0.0.1', '未获取到地址', 2, '2021-11-24 16:58:03');
INSERT INTO test_admin.login_log (id, os, browser, ua, ip, location, user_id, login_time) VALUES (8, 'Mac OS/10.15.7', 'Chrome/94.0.4606.54', 'Mozilla/5.0 (Macintosh; Intel Mac OS X 10_15_7) AppleWebKit/537.36 (KHTML, like Gecko) Chrome/94.0.4606.54 Safari/537.36', '127.0.0.1', '未获取到地址', 2, '2021-11-24 16:58:10');
INSERT INTO test_admin.login_log (id, os, browser, ua, ip, location, user_id, login_time) VALUES (9, 'Mac OS/10.15.7', 'Chrome/94.0.4606.54', 'Mozilla/5.0 (Macintosh; Intel Mac OS X 10_15_7) AppleWebKit/537.36 (KHTML, like Gecko) Chrome/94.0.4606.54 Safari/537.36', '127.0.0.1', '未获取到地址', 2, '2021-11-24 16:58:20');
INSERT INTO test_admin.login_log (id, os, browser, ua, ip, location, user_id, login_time) VALUES (10, 'Mac OS/10.15.7', 'Chrome/94.0.4606.54', 'Mozilla/5.0 (Macintosh; Intel Mac OS X 10_15_7) AppleWebKit/537.36 (KHTML, like Gecko) Chrome/94.0.4606.54 Safari/537.36', '127.0.0.1', '未获取到地址', 2, '2021-11-24 16:58:28');
INSERT INTO test_admin.login_log (id, os, browser, ua, ip, location, user_id, login_time) VALUES (11, 'Mac OS/10.15.7', 'Chrome/94.0.4606.54', 'Mozilla/5.0 (Macintosh; Intel Mac OS X 10_15_7) AppleWebKit/537.36 (KHTML, like Gecko) Chrome/94.0.4606.54 Safari/537.36', '127.0.0.1', '未获取到地址', 2, '2021-11-24 16:58:36');
INSERT INTO test_admin.login_log (id, os, browser, ua, ip, location, user_id, login_time) VALUES (12, 'Mac OS/10.15.7', 'Chrome/94.0.4606.54', 'Mozilla/5.0 (Macintosh; Intel Mac OS X 10_15_7) AppleWebKit/537.36 (KHTML, like Gecko) Chrome/94.0.4606.54 Safari/537.36', '127.0.0.1', '未获取到地址', 2, '2021-11-24 16:59:02');
INSERT INTO test_admin.login_log (id, os, browser, ua, ip, location, user_id, login_time) VALUES (13, 'Mac OS/10.15.7', 'Chrome/94.0.4606.54', 'Mozilla/5.0 (Macintosh; Intel Mac OS X 10_15_7) AppleWebKit/537.36 (KHTML, like Gecko) Chrome/94.0.4606.54 Safari/537.36', '127.0.0.1', '未获取到地址', 2, '2021-11-24 17:00:06');
INSERT INTO test_admin.login_log (id, os, browser, ua, ip, location, user_id, login_time) VALUES (14, 'Mac OS/10.15.7', 'Chrome/94.0.4606.54', 'Mozilla/5.0 (Macintosh; Intel Mac OS X 10_15_7) AppleWebKit/537.36 (KHTML, like Gecko) Chrome/94.0.4606.54 Safari/537.36', '127.0.0.1', '未获取到地址', 2, '2021-11-25 15:57:15');
INSERT INTO test_admin.login_log (id, os, browser, ua, ip, location, user_id, login_time) VALUES (15, 'Mac OS/10.15.7', 'Chrome/94.0.4606.54', 'Mozilla/5.0 (Macintosh; Intel Mac OS X 10_15_7) AppleWebKit/537.36 (KHTML, like Gecko) Chrome/94.0.4606.54 Safari/537.36', '1', '未获取到地址', 2, '2021-11-25 16:01:16');
INSERT INTO test_admin.login_log (id, os, browser, ua, ip, location, user_id, login_time) VALUES (16, 'Mac OS/10.15.7', 'Chrome/94.0.4606.54', 'Mozilla/5.0 (Macintosh; Intel Mac OS X 10_15_7) AppleWebKit/537.36 (KHTML, like Gecko) Chrome/94.0.4606.54 Safari/537.36', '127.0.0.1', '未获取到地址', 2, '2021-11-25 17:42:33');
INSERT INTO test_admin.login_log (id, os, browser, ua, ip, location, user_id, login_time) VALUES (17, 'Mac OS/10.15.7', 'Chrome/96.0.4664.55', 'Mozilla/5.0 (Macintosh; Intel Mac OS X 10_15_7) AppleWebKit/537.36 (KHTML, like Gecko) Chrome/96.0.4664.55 Safari/537.36', '127.0.0.1', '未获取到地址', 2, '2021-11-26 09:25:37');INSERT INTO test_admin.sys_dept (id, parent_id, name, ancestors, sort, data_status, create_time, update_time) VALUES (1, 0, '总公司12', '0', 0, 1, '2021-11-20 23:17:45', '2021-11-21 01:34:01');
INSERT INTO test_admin.sys_dept (id, parent_id, name, ancestors, sort, data_status, create_time, update_time) VALUES (2, 0, '测试公司', '0', 0, 1, '2021-11-21 01:50:36', '2021-11-21 01:50:36');
INSERT INTO test_admin.sys_dept (id, parent_id, name, ancestors, sort, data_status, create_time, update_time) VALUES (3, 1, '南京分公司', '0,1', 0, -1, '2021-11-21 01:57:48', '2021-11-21 01:57:48');
INSERT INTO test_admin.sys_dept (id, parent_id, name, ancestors, sort, data_status, create_time, update_time) VALUES (4, 0, '总公司1', '0', 0, null, '2021-11-21 02:04:21', '2021-11-21 02:04:21');
INSERT INTO test_admin.sys_dept (id, parent_id, name, ancestors, sort, data_status, create_time, update_time) VALUES (5, 1, '济南分公司', '0,1', 0, 1, '2021-11-21 13:16:53', '2021-11-21 13:16:53');
INSERT INTO test_admin.sys_dept (id, parent_id, name, ancestors, sort, data_status, create_time, update_time) VALUES (6, 5, '研发部', '0,1,5', 0, 1, '2021-11-21 13:17:04', '2021-11-21 13:17:04');
INSERT INTO test_admin.sys_dept (id, parent_id, name, ancestors, sort, data_status, create_time, update_time) VALUES (7, 5, '市场部', '0,1,5', 0, 1, '2021-11-21 13:17:16', '2021-11-21 13:17:16');INSERT INTO test_admin.sys_user_roles_sys_role (sysUserId, sysRoleId) VALUES (2, 1);INSERT INTO test_admin.file (create_time, update_time, id, name, file_name, path) VALUES ('2021-11-22 11:02:07', '2021-11-22 11:02:08', 1, '1637550129267.jpeg', 'banner.jpeg', '/uploads/1637550129267.jpeg');
INSERT INTO test_admin.file (create_time, update_time, id, name, file_name, path) VALUES ('2021-11-22 11:06:23', '2021-11-22 11:06:23', 3, '1637550382894.jpeg', 'banner.jpeg', '/uploads/1637550382894.jpeg');
INSERT INTO test_admin.file (create_time, update_time, id, name, file_name, path) VALUES ('2021-11-22 11:10:31', '2021-11-22 11:10:31', 4, '1637550630677.jpeg', 'banner.jpeg', '/uploads/1637550630677.jpeg');
INSERT INTO test_admin.file (create_time, update_time, id, name, file_name, path) VALUES ('2021-11-22 11:13:43', '2021-11-22 11:13:43', 5, '1637550822828.jpeg', 'banner.jpeg', '/uploads/1637550822828.jpeg');
INSERT INTO test_admin.file (create_time, update_time, id, name, file_name, path) VALUES ('2021-11-22 11:15:41', '2021-11-22 11:15:41', 6, '1637550940735.jpeg', 'banner.jpeg', '/uploads/1637550940735.jpeg');
INSERT INTO test_admin.file (create_time, update_time, id, name, file_name, path) VALUES ('2021-11-23 10:06:27', '2021-11-23 10:06:27', 7, '1637633187194.jpeg', 'banner.jpeg', '/uploads/1637633187194.jpeg');
INSERT INTO test_admin.file (create_time, update_time, id, name, file_name, path) VALUES ('2021-11-23 10:09:40', '2021-11-23 10:09:40', 8, '1637633380371.jpeg', 'banner.jpeg', '/uploads/1637633380371.jpeg');
INSERT INTO test_admin.file (create_time, update_time, id, name, file_name, path) VALUES ('2021-11-23 10:10:55', '2021-11-23 10:10:55', 9, '1637633454836.jpeg', 'banner.jpeg', '/uploads/1637633454836.jpeg');
INSERT INTO test_admin.file (create_time, update_time, id, name, file_name, path) VALUES ('2021-11-24 15:59:11', '2021-11-24 15:59:11', 10, '1637740750875.jpeg', 'banner.jpeg', '/uploads/1637740750875.jpeg');INSERT INTO test_admin.sys_role_menus_sys_menu (sysRoleId, sysMenuId) VALUES (1, 2);
INSERT INTO test_admin.sys_role_menus_sys_menu (sysRoleId, sysMenuId) VALUES (1, 6);
INSERT INTO test_admin.sys_role_menus_sys_menu (sysRoleId, sysMenuId) VALUES (1, 7);
INSERT INTO test_admin.sys_role_menus_sys_menu (sysRoleId, sysMenuId) VALUES (1, 8);
INSERT INTO test_admin.sys_role_menus_sys_menu (sysRoleId, sysMenuId) VALUES (1, 9);
INSERT INTO test_admin.sys_role_menus_sys_menu (sysRoleId, sysMenuId) VALUES (1, 10);
INSERT INTO test_admin.sys_role_menus_sys_menu (sysRoleId, sysMenuId) VALUES (12, 1);
INSERT INTO test_admin.sys_role_menus_sys_menu (sysRoleId, sysMenuId) VALUES (12, 2);
INSERT INTO test_admin.sys_role_menus_sys_menu (sysRoleId, sysMenuId) VALUES (12, 6);
INSERT INTO test_admin.sys_role_menus_sys_menu (sysRoleId, sysMenuId) VALUES (13, 2);
INSERT INTO test_admin.sys_role_menus_sys_menu (sysRoleId, sysMenuId) VALUES (13, 7);INSERT INTO test_admin.sys_user (id, username, nickname, password, phone, avatar, data_status, create_time, update_time, deptId) VALUES (1, 'string', 'string', 'b45cffe084dd3d20d928bee85e7b0f21', '17686892969', 'string', -1, '2021-10-24 16:40:04', '2021-11-21 17:21:02', 6);
INSERT INTO test_admin.sys_user (id, username, nickname, password, phone, avatar, data_status, create_time, update_time, deptId) VALUES (2, 'admin', '超级管理员', 'e10adc3949ba59abbe56e057f20f883e', '17185678999', '/uploads/1637633454836.jpeg', 1, '2021-11-21 17:34:09', '2021-11-25 17:44:38', 6);
INSERT INTO test_admin.sys_user (id, username, nickname, password, phone, avatar, data_status, create_time, update_time, deptId) VALUES (3, 'lengleng', '超级管理员', 'e10adc3949ba59abbe56e057f20f883e', '17185678999', '', -1, '2021-11-21 17:34:57', '2021-11-21 17:34:57', null);INSERT INTO test_admin.sys_role (id, role_name, role_desc, data_status, create_time, update_time) VALUES (1, 'admin', '超级管理员', 1, '2021-10-28 16:31:14', '2021-11-25 17:44:25');
INSERT INTO test_admin.sys_role (id, role_name, role_desc, data_status, create_time, update_time) VALUES (2, 'test', 'string', 1, '2021-10-28 21:18:45', '2021-11-25 17:44:20');
INSERT INTO test_admin.sys_role (id, role_name, role_desc, data_status, create_time, update_time) VALUES (12, 'test3', 'test3', -1, '2021-10-31 22:39:31', '2021-11-01 09:16:09');
INSERT INTO test_admin.sys_role (id, role_name, role_desc, data_status, create_time, update_time) VALUES (13, 'test4', 'test4', -1, '2021-11-01 10:33:25', '2021-11-01 10:33:39');